0   ,10002,75.0,33.0              ,2,32
1   ,10002,75.0,22.0              ,2,32
2   ,10006,75.0,22.0              ,0,107
3   ,10000,75.0,11.75             ,0,26
4   ,10002,75.0,11.75             ,2,32
5   ,10001,75.0,15.0              ,1,29
6   ,10004,75.0,22.0              ,1,101
7   ,10002,75.0,22.0              ,2,32
8   ,10004,75.0,22.0              ,1,101
9   ,10001,75.0,15.0              ,1,29
10  ,10000,75.0,22.0              ,0,26
11  ,10000,75.0,22.0              ,0,26
12  ,10002,75.0,22.0              ,2,32
13  ,10000,75.0,22.0              ,0,26
14  ,10006,75.0,8.25              ,0,107
15  ,10001,75.0,16.5              ,1,29
16  ,10003,75.0,15.0              ,1,93
17  ,10006,75.0,16.5              ,0,107
18  ,10002,75.0,11.0              ,2,32
19  ,10006,75.0,16.5              ,0,107
20  ,10006,75.0,16.5              ,0,107
21  ,10003,75.0,11.0              ,1,93
22  ,10004,75.0,16.5              ,1,101
23  ,10000,75.0,11.0              ,0,26
24  ,10000,75.0,22.0              ,0,26
25  ,10002,75.0,11.0              ,2,32
26  ,10002,75.0,11.0              ,2,32
27  ,10003,75.0,33.0              ,1,93
28  ,10000,75.0,22.0              ,0,26
29  ,10006,75.0,11.0              ,0,107
30  ,10000,75.0,22.0              ,0,26
31  ,10001,75.0,11.0              ,1,29
32  ,10001,75.0,22.0              ,1,29
33  ,10006,75.0,11.0              ,0,107
34  ,10001,75.0,15.0              ,1,29
35  ,10003,75.0,11.0              ,1,93
36  ,10006,75.0,47.0              ,0,107
37  ,10003,75.0,15.0              ,1,93
38  ,10003,75.0,15.0              ,1,93
39  ,10004,75.0,15.0              ,1,101
40  ,10003,75.0,15.0              ,1,93
41  ,10003,75.0,15.0              ,1,93
42  ,10004,75.0,16.5              ,1,101
43  ,10002,75.0,11.0              ,2,32
44  ,10002,75.0,22.0              ,2,32
45  ,10000,75.0,7.5               ,0,26
46  ,10002,75.0,22.0              ,2,32
47  ,10002,75.0,22.0              ,2,32
48  ,10005,75.0,11.0              ,2,104
49  ,10005,75.0,11.0              ,2,104
50  ,10001,75.0,9.4               ,1,29
51  ,10003,75.0,22.0              ,1,93
52  ,10003,75.0,11.0              ,1,93
53  ,10006,75.0,11.0              ,0,107
54  ,10001,75.0,15.666666666666666,1,29
55  ,10002,75.0,9.0               ,2,32
56  ,10004,75.0,11.0              ,1,101
57  ,10001,75.0,23.5              ,1,29
58  ,10004,75.0,16.5              ,1,101
59  ,10004,75.0,33.0              ,1,101
60  ,10000,75.0,15.0              ,0,26
61  ,10002,75.0,16.5              ,2,32
62  ,10004,75.0,33.0              ,1,101
63  ,10005,75.0,11.0              ,2,104
64  ,10003,75.0,11.0              ,1,93
65  ,10005,75.0,22.0              ,2,104
66  ,10001,75.0,22.0              ,1,29
67  ,10002,75.0,16.5              ,2,32
68  ,10006,75.0,11.0              ,0,107
69  ,10005,75.0,9.0               ,2,104
70  ,10001,75.0,9.0               ,1,29
71  ,10006,75.0,22.0              ,0,107
72  ,10000,75.0,16.5              ,0,26
73  ,10000,75.0,33.0              ,0,26
74  ,10004,75.0,15.0              ,1,101
75  ,10004,75.0,15.0              ,1,101
76  ,10006,75.0,15.0              ,0,107
77  ,10000,75.0,15.0              ,0,26
78  ,10000,75.0,15.0              ,0,26
79  ,10005,75.0,15.0              ,2,104
80  ,10005,75.0,11.0              ,2,104
81  ,10006,75.0,15.0              ,0,107
82  ,10005,75.0,11.0              ,2,104
83  ,10000,75.0,15.0              ,0,26
84  ,10003,75.0,11.75             ,1,93
85  ,10001,75.0,22.0              ,1,29
86  ,10000,75.0,15.0              ,0,26
87  ,10002,75.0,15.0              ,2,32
88  ,10002,75.0,15.0              ,2,32
89  ,10001,75.0,15.0              ,1,29
90  ,10003,75.0,15.0              ,1,93
91  ,10006,75.0,11.0              ,0,107
92  ,10006,75.0,16.5              ,0,107
93  ,10001,75.0,33.0              ,1,29
94  ,10004,75.0,16.5              ,1,101
95  ,10001,75.0,33.0              ,1,29
96  ,10002,75.0,9.0               ,2,32
97  ,10005,75.0,22.0              ,2,104
98  ,10001,75.0,16.5              ,1,29
99  ,10002,75.0,15.666666666666666,2,32
100 ,10002,75.0,15.666666666666666,2,32
101 ,10006,75.0,15.0              ,0,107
102 ,10002,75.0,11.75             ,2,32
103 ,10002,75.0,11.75             ,2,32
104 ,10001,75.0,9.0               ,1,29
105 ,10002,75.0,15.666666666666666,2,32
106 ,10002,75.0,23.5              ,2,32
107 ,10004,75.0,8.25              ,1,101
108 ,10006,75.0,15.0              ,0,107
109 ,10004,75.0,6.6               ,1,101
110 ,10000,75.0,11.75             ,0,26
111 ,10004,75.0,8.25              ,1,101
112 ,10002,75.0,11.75             ,2,32
113 ,10005,75.0,15.0              ,2,104
114 ,10004,75.0,11.0              ,1,101
115 ,10000,75.0,23.5              ,0,26
116 ,10002,75.0,11.75             ,2,32
117 ,10002,75.0,15.666666666666666,2,32
118 ,10006,75.0,15.0              ,0,107
119 ,10002,75.0,23.5              ,2,32
120 ,10001,75.0,15.0              ,1,29
121 ,10002,75.0,11.0              ,2,32
122 ,10001,75.0,15.0              ,1,29
123 ,10006,75.0,33.0              ,0,107
124 ,10000,75.0,23.5              ,0,26
125 ,10000,75.0,47.0              ,0,26
126 ,10006,75.0,33.0              ,0,107
127 ,10003,75.0,22.0              ,1,93
128 ,10004,75.0,22.0              ,1,101
129 ,10002,75.0,9.0               ,2,32
130 ,10004,75.0,22.0              ,1,101
131 ,10005,75.0,16.5              ,2,104
132 ,10003,75.0,22.0              ,1,93
133 ,10000,75.0,47.0              ,0,26
134 ,10000,75.0,47.0              ,0,26
135 ,10006,75.0,15.0              ,0,107
136 ,10006,75.0,33.0              ,0,107
137 ,10002,75.0,15.0              ,2,32
138 ,10005,75.0,11.0              ,2,104
139 ,10001,75.0,11.0              ,1,29
140 ,10001,75.0,22.0              ,1,29
141 ,10006,75.0,33.0              ,0,107
142 ,10003,75.0,22.0              ,1,93
143 ,10003,75.0,11.0              ,1,93
144 ,10004,75.0,23.5              ,1,101
145 ,10001,75.0,11.0              ,1,29
146 ,10004,75.0,47.0              ,1,101
147 ,10001,75.0,11.0              ,1,29
148 ,10004,75.0,47.0              ,1,101
149 ,10003,75.0,11.0              ,1,93
150 ,10001,75.0,9.0               ,1,29
151 ,10004,75.0,15.0              ,1,101
152 ,10003,75.0,26.5              ,1,93
153 ,10001,75.0,9.0               ,1,29
154 ,10000,75.0,22.0              ,0,26
155 ,10002,75.0,11.0              ,2,32
156 ,10001,75.0,33.0              ,1,29
157 ,10001,75.0,8.25              ,1,29
158 ,10003,75.0,11.0              ,1,93
159 ,10006,75.0,15.0              ,0,107
160 ,10001,75.0,11.0              ,1,29
161 ,10006,75.0,15.0              ,0,107
162 ,10001,75.0,16.5              ,1,29
163 ,10004,75.0,33.0              ,1,101
164 ,10004,75.0,33.0              ,1,101
165 ,10000,75.0,22.0              ,0,26
166 ,10000,75.0,22.0              ,0,26
167 ,10001,75.0,11.0              ,1,29
168 ,10002,75.0,22.0              ,2,32
169 ,10004,75.0,33.0              ,1,101
170 ,10000,75.0,22.0              ,0,26
171 ,10002,75.0,15.0              ,2,32
172 ,10001,75.0,15.0              ,1,29
173 ,10005,75.0,15.0              ,2,104
174 ,10004,75.0,33.0              ,1,101
175 ,10003,75.0,11.0              ,1,93
176 ,10002,75.0,22.0              ,2,32
177 ,10003,75.0,9.0               ,1,93
178 ,10004,75.0,15.0              ,1,101
179 ,10006,75.0,11.0              ,0,107
180 ,10006,75.0,16.5              ,0,107
181 ,10001,75.0,11.0              ,1,29
182 ,10004,75.0,15.0              ,1,101
183 ,10006,75.0,16.5              ,0,107
184 ,10001,75.0,11.0              ,1,29
185 ,10001,75.0,16.5              ,1,29
186 ,10006,75.0,23.5              ,0,107
187 ,10006,75.0,47.0              ,0,107
188 ,10005,75.0,11.0              ,2,104
189 ,10000,75.0,15.0              ,0,26
190 ,10006,75.0,11.0              ,0,107
191 ,10004,75.0,11.0              ,1,101
192 ,10003,75.0,16.5              ,1,93
193 ,10001,75.0,9.0               ,1,29
194 ,10000,75.0,15.0              ,0,26
195 ,10005,75.0,16.5              ,2,104
196 ,10005,75.0,33.0              ,2,104
197 ,10005,75.0,33.0              ,2,104
198 ,10002,75.0,11.75             ,2,32
199 ,10004,75.0,15.0              ,1,101
200 ,10006,75.0,15.0              ,0,107
201 ,10000,75.0,15.0              ,0,26
202 ,10006,75.0,15.0              ,0,107
203 ,10002,75.0,15.666666666666666,2,32
204 ,10002,75.0,23.5              ,2,32
205 ,10001,75.0,15.0              ,1,29
206 ,10001,75.0,15.0              ,1,29
207 ,10001,75.0,15.0              ,1,29
208 ,10002,75.0,11.0              ,2,32
209 ,10002,75.0,11.0              ,2,32
210 ,10000,75.0,11.0              ,0,26
211 ,10006,75.0,11.0              ,0,107
212 ,10006,75.0,22.0              ,0,107
213 ,10003,75.0,11.0              ,1,93
214 ,10003,75.0,8.25              ,1,93
215 ,10003,75.0,11.0              ,1,93
216 ,10001,75.0,7.0               ,1,29
217 ,10004,75.0,11.0              ,1,101
218 ,10001,75.0,7.0               ,1,29
219 ,10004,75.0,22.0              ,1,101
220 ,10004,75.0,22.0              ,1,101
221 ,10000,75.0,15.0              ,0,26
222 ,10006,75.0,15.0              ,0,107
223 ,10003,75.0,33.0              ,1,93
224 ,10005,75.0,11.0              ,2,104
225 ,10002,75.0,11.0              ,2,32
226 ,10000,75.0,11.0              ,0,26
227 ,10002,75.0,22.0              ,2,32
228 ,10003,75.0,23.5              ,1,93
229 ,10006,75.0,9.0               ,0,107
230 ,10004,75.0,11.0              ,1,101
231 ,10003,75.0,15.666666666666666,1,93
232 ,10005,75.0,8.25              ,2,104
233 ,10004,75.0,11.0              ,1,101
234 ,10001,75.0,15.0              ,1,29
235 ,10005,75.0,11.0              ,2,104
236 ,10002,75.0,22.0              ,2,32
237 ,10002,75.0,22.0              ,2,32
238 ,10003,75.0,23.5              ,1,93
239 ,10003,75.0,15.0              ,1,93
240 ,10003,75.0,15.0              ,1,93
241 ,10006,75.0,11.0              ,0,107
242 ,10003,75.0,15.0              ,1,93
243 ,10005,75.0,15.0              ,2,104
244 ,10002,75.0,11.0              ,2,32
245 ,10001,75.0,33.0              ,1,29
246 ,10006,75.0,33.0              ,0,107
247 ,10001,75.0,33.0              ,1,29
248 ,10000,75.0,11.0              ,0,26
249 ,10002,75.0,11.0              ,2,32
250 ,10004,75.0,15.0              ,1,101
251 ,10005,75.0,15.0              ,2,104
252 ,10001,75.0,22.0              ,1,29
253 ,10002,75.0,11.0              ,2,32
254 ,10006,75.0,15.0              ,0,107
255 ,10001,75.0,22.0              ,1,29
256 ,10000,75.0,9.0               ,0,26
257 ,10006,75.0,15.0              ,0,107
258 ,10004,75.0,15.0              ,1,101
259 ,10001,75.0,22.0              ,1,29
260 ,10002,75.0,11.0              ,2,32
261 ,10005,75.0,7.333333333333333 ,2,104
262 ,10005,75.0,11.0              ,2,104
263 ,10006,75.0,33.0              ,0,107
264 ,10000,75.0,7.0               ,0,26
265 ,10002,75.0,11.0              ,2,32
266 ,10004,75.0,16.5              ,1,101
267 ,10005,75.0,11.0              ,2,104
268 ,10003,75.0,22.0              ,1,93
269 ,10000,75.0,22.0              ,0,26
270 ,10001,75.0,9.0               ,1,29
271 ,10004,75.0,15.0              ,1,101
272 ,10006,75.0,11.0              ,0,107
273 ,10004,75.0,15.0              ,1,101
274 ,10003,75.0,22.0              ,1,93
275 ,10006,75.0,16.5              ,0,107
276 ,10003,75.0,22.0              ,1,93
277 ,10006,75.0,16.5              ,0,107
278 ,10005,75.0,11.0              ,2,104
279 ,10005,75.0,22.0              ,2,104
280 ,10006,75.0,33.0              ,0,107
281 ,10001,75.0,8.25              ,1,29
282 ,10001,75.0,8.25              ,1,29
283 ,10006,75.0,15.0              ,0,107
284 ,10000,75.0,9.0               ,0,26
285 ,10002,75.0,16.5              ,2,32
286 ,10002,75.0,16.5              ,2,32
287 ,10002,75.0,33.0              ,2,32
288 ,10002,75.0,33.0              ,2,32
289 ,10001,75.0,11.75             ,1,29
290 ,10006,75.0,15.0              ,0,107
291 ,10002,75.0,15.0              ,2,32
292 ,10005,75.0,15.0              ,2,104
293 ,10001,75.0,11.75             ,1,29
294 ,10001,75.0,15.666666666666666,1,29
295 ,10004,75.0,15.0              ,1,101
296 ,10004,75.0,15.0              ,1,101
297 ,10001,75.0,23.5              ,1,29
298 ,10006,75.0,15.0              ,0,107
299 ,10001,75.0,47.0              ,1,29
300 ,10003,75.0,16.5              ,1,93
301 ,10003,75.0,33.0              ,1,93
302 ,10002,75.0,15.0              ,2,32
303 ,10002,75.0,22.0              ,2,32
304 ,10006,75.0,11.0              ,0,107
305 ,10006,75.0,16.5              ,0,107
306 ,10002,75.0,22.0              ,2,32
307 ,10003,75.0,15.0              ,1,93
308 ,10001,75.0,15.0              ,1,29
309 ,10000,75.0,9.0               ,0,26
310 ,10005,75.0,33.0              ,2,104
311 ,10004,75.0,22.0              ,1,101
312 ,10006,75.0,33.0              ,0,107
313 ,10000,75.0,15.0              ,0,26
314 ,10005,75.0,22.0              ,2,104
315 ,10002,75.0,15.0              ,2,32
316 ,10005,75.0,22.0              ,2,104
317 ,10002,75.0,15.0              ,2,32
318 ,10001,75.0,11.0              ,1,29
319 ,10000,75.0,15.0              ,0,26
320 ,10004,75.0,15.0              ,1,101
321 ,10000,75.0,47.0              ,0,26
322 ,10006,75.0,9.0               ,0,107
323 ,10001,75.0,15.0              ,1,29
324 ,10000,75.0,47.0              ,0,26
325 ,10002,75.0,22.0              ,2,32
326 ,10003,75.0,22.0              ,1,93
327 ,10000,75.0,22.0              ,0,26
328 ,10002,75.0,22.0              ,2,32
329 ,10004,75.0,22.0              ,1,101
330 ,10005,75.0,7.0               ,2,104
331 ,10001,75.0,11.0              ,1,29
332 ,10003,75.0,22.0              ,1,93
333 ,10000,75.0,22.0              ,0,26
334 ,10000,75.0,9.0               ,0,26
335 ,10006,75.0,22.0              ,0,107
336 ,10003,75.0,15.0              ,1,93
337 ,10006,75.0,11.0              ,0,107
338 ,10002,75.0,22.0              ,2,32
339 ,10000,75.0,11.0              ,0,26
340 ,10001,75.0,11.0              ,1,29
341 ,10002,75.0,22.0              ,2,32
342 ,10004,75.0,7.0               ,1,101
343 ,10004,75.0,15.0              ,1,101
344 ,10005,75.0,7.333333333333333 ,2,104
345 ,10000,75.0,9.0               ,0,26
346 ,10001,75.0,11.0              ,1,29
347 ,10002,75.0,7.5               ,2,32
348 ,10003,75.0,11.0              ,1,93
349 ,10001,75.0,11.0              ,1,29
350 ,10003,75.0,22.0              ,1,93
351 ,10003,75.0,22.0              ,1,93
352 ,10005,75.0,7.333333333333333 ,2,104
353 ,10003,75.0,22.0              ,1,93
354 ,10006,75.0,7.333333333333333 ,0,107
355 ,10005,75.0,11.0              ,2,104
356 ,10006,75.0,7.5               ,0,107
357 ,10002,75.0,15.0              ,2,32
358 ,10004,75.0,16.5              ,1,101
359 ,10001,75.0,22.0              ,1,29
360 ,10003,75.0,22.0              ,1,93
361 ,10001,75.0,22.0              ,1,29
362 ,10006,75.0,15.0              ,0,107
363 ,10001,75.0,11.0              ,1,29
364 ,10005,75.0,15.0              ,2,104
365 ,10002,75.0,15.0              ,2,32
366 ,10000,75.0,22.0              ,0,26
367 ,10001,75.0,15.0              ,1,29
368 ,10003,75.0,16.5              ,1,93
369 ,10004,75.0,15.0              ,1,101
370 ,10006,75.0,15.0              ,0,107
371 ,10003,75.0,11.0              ,1,93
372 ,10004,75.0,15.0              ,1,101
373 ,10004,75.0,15.0              ,1,101
374 ,10003,75.0,11.0              ,1,93
375 ,10002,75.0,11.0              ,2,32
376 ,10000,75.0,22.0              ,0,26
377 ,10004,75.0,33.0              ,1,101
378 ,10000,75.0,22.0              ,0,26
379 ,10005,75.0,7.0               ,2,104
380 ,10006,75.0,11.0              ,0,107
381 ,10002,75.0,22.0              ,2,32
382 ,10000,75.0,22.0              ,0,26
383 ,10000,75.0,22.0              ,0,26
384 ,10006,75.0,22.0              ,0,107
385 ,10004,75.0,33.0              ,1,101
386 ,10003,75.0,11.0              ,1,93
387 ,10002,75.0,11.0              ,2,32
388 ,10006,75.0,7.333333333333333 ,0,107
389 ,10006,75.0,11.0              ,0,107
390 ,10000,75.0,11.0              ,0,26
391 ,10003,75.0,33.0              ,1,93
392 ,10003,75.0,33.0              ,1,93
393 ,10001,75.0,11.0              ,1,29
394 ,10005,75.0,9.0               ,2,104
395 ,10004,75.0,22.0              ,1,101
396 ,10004,75.0,22.0              ,1,101
397 ,10001,75.0,15.0              ,1,29
398 ,10000,75.0,16.5              ,0,26
399 ,10004,75.0,22.0              ,1,101
400 ,10005,75.0,47.0              ,2,104
401 ,10002,75.0,15.0              ,2,32
402 ,10005,75.0,47.0              ,2,104
403 ,10001,75.0,15.0              ,1,29
404 ,10002,75.0,15.0              ,2,32
405 ,10002,75.0,15.0              ,2,32
406 ,10002,75.0,22.0              ,2,32
407 ,10006,75.0,15.0              ,0,107
408 ,10001,75.0,9.0               ,1,29
409 ,10006,75.0,15.0              ,0,107
410 ,10005,75.0,15.0              ,2,104
411 ,10003,75.0,11.0              ,1,93
412 ,10000,75.0,22.0              ,0,26
413 ,10003,75.0,22.0              ,1,93
414 ,10004,75.0,11.75             ,1,101
415 ,10005,75.0,22.0              ,2,104
416 ,10003,75.0,47.0              ,1,93
417 ,10004,75.0,22.0              ,1,101
418 ,10005,75.0,22.0              ,2,104
419 ,10005,75.0,22.0              ,2,104
420 ,10006,75.0,11.0              ,0,107
421 ,10005,75.0,22.0              ,2,104
422 ,10001,75.0,15.0              ,1,29
423 ,10002,75.0,15.0              ,2,32
424 ,10004,75.0,15.0              ,1,101
425 ,10002,75.0,15.0              ,2,32
426 ,10003,75.0,33.0              ,1,93
427 ,10006,75.0,11.0              ,0,107
428 ,10002,75.0,26.5              ,2,32
429 ,10002,75.0,53.0              ,2,32
430 ,10003,75.0,33.0              ,1,93
431 ,10005,75.0,11.0              ,2,104
432 ,10000,75.0,11.0              ,0,26
433 ,10005,75.0,11.0              ,2,104
434 ,10004,75.0,15.0              ,1,101
435 ,10002,75.0,53.0              ,2,32
436 ,10003,75.0,33.0              ,1,93
437 ,10003,75.0,33.0              ,1,93
438 ,10001,75.0,15.0              ,1,29
439 ,10006,75.0,11.0              ,0,107
440 ,10005,75.0,11.0              ,2,104
441 ,10001,75.0,11.0              ,1,29
442 ,10004,75.0,22.0              ,1,101
443 ,10006,75.0,15.0              ,0,107
444 ,10002,75.0,22.0              ,2,32
445 ,10005,75.0,11.0              ,2,104
446 ,10004,75.0,22.0              ,1,101
447 ,10002,75.0,22.0              ,2,32
448 ,10002,75.0,7.333333333333333 ,2,32
449 ,10004,75.0,33.0              ,1,101
450 ,10001,75.0,15.0              ,1,29
451 ,10002,75.0,11.0              ,2,32
452 ,10003,75.0,11.0              ,1,93
453 ,10003,75.0,22.0              ,1,93
454 ,10006,75.0,15.0              ,0,107
455 ,10004,75.0,33.0              ,1,101
456 ,10002,75.0,22.0              ,2,32
457 ,10001,75.0,15.0              ,1,29
458 ,10003,75.0,22.0              ,1,93
459 ,10005,75.0,15.0              ,2,104
460 ,10002,75.0,15.0              ,2,32
461 ,10001,75.0,15.0              ,1,29
462 ,10006,75.0,11.0              ,0,107
463 ,10002,75.0,15.0              ,2,32
464 ,10000,75.0,11.0              ,0,26
465 ,10003,75.0,23.5              ,1,93
466 ,10001,75.0,11.0              ,1,29
467 ,10001,75.0,11.0              ,1,29
468 ,10002,75.0,23.5              ,2,32
469 ,10004,75.0,22.0              ,1,101
470 ,10003,75.0,47.0              ,1,93
471 ,10002,75.0,47.0              ,2,32
472 ,10002,75.0,47.0              ,2,32
473 ,10002,75.0,22.0              ,2,32
474 ,10004,75.0,15.0              ,1,101
475 ,10006,75.0,11.0              ,0,107
476 ,10006,75.0,16.5              ,0,107
477 ,10002,75.0,11.0              ,2,32
478 ,10004,75.0,22.0              ,1,101
479 ,10006,75.0,15.0              ,0,107
480 ,10003,75.0,33.0              ,1,93
481 ,10005,75.0,11.75             ,2,104
482 ,10002,75.0,7.333333333333333 ,2,32
483 ,10005,75.0,9.4               ,2,104
484 ,10005,75.0,11.75             ,2,104
485 ,10005,75.0,15.666666666666666,2,104
486 ,10005,75.0,23.5              ,2,104
487 ,10002,75.0,11.0              ,2,32
488 ,10005,75.0,23.5              ,2,104
489 ,10000,75.0,11.0              ,0,26
490 ,10004,75.0,33.0              ,1,101
491 ,10000,75.0,15.0              ,0,26
492 ,10001,75.0,15.0              ,1,29
493 ,10005,75.0,9.0               ,2,104
494 ,10000,75.0,15.0              ,0,26
495 ,10002,75.0,11.0              ,2,32
496 ,10004,75.0,33.0              ,1,101
497 ,10002,75.0,22.0              ,2,32
498 ,10005,75.0,9.0               ,2,104
499 ,10002,75.0,15.0              ,2,32
500 ,10006,75.0,11.0              ,0,107
501 ,10004,75.0,47.0              ,1,101
502 ,10001,75.0,8.25              ,1,29
503 ,10006,75.0,11.0              ,0,107
504 ,10000,75.0,9.0               ,0,26
505 ,10002,75.0,15.0              ,2,32
506 ,10003,75.0,15.0              ,1,93
507 ,10001,75.0,6.6               ,1,29
508 ,10005,75.0,11.0              ,2,104
509 ,10001,75.0,8.25              ,1,29
510 ,10003,75.0,15.0              ,1,93
511 ,10001,75.0,11.0              ,1,29
512 ,10005,75.0,16.5              ,2,104
513 ,10005,75.0,16.5              ,2,104
514 ,10004,75.0,47.0              ,1,101
515 ,10000,75.0,33.0              ,0,26
516 ,10006,75.0,22.0              ,0,107
517 ,10000,75.0,33.0              ,0,26
518 ,10006,75.0,22.0              ,0,107
519 ,10005,75.0,33.0              ,2,104
520 ,10005,75.0,33.0              ,2,104
521 ,10001,75.0,11.0              ,1,29
522 ,10003,75.0,15.0              ,1,93
523 ,10006,75.0,22.0              ,0,107
524 ,10001,75.0,13.25             ,1,29
525 ,10000,75.0,11.0              ,0,26
526 ,10001,75.0,17.666666666666668,1,29
527 ,10002,75.0,11.0              ,2,32
528 ,10002,75.0,22.0              ,2,32
529 ,10006,75.0,26.5              ,0,107
530 ,10003,75.0,11.0              ,1,93
531 ,10001,75.0,9.0               ,1,29
532 ,10005,75.0,9.0               ,2,104
533 ,10000,75.0,15.0              ,0,26
534 ,10000,75.0,15.0              ,0,26
535 ,10006,75.0,6.6               ,0,107
536 ,10006,75.0,8.25              ,0,107
537 ,10001,75.0,9.0               ,1,29
538 ,10006,75.0,11.0              ,0,107
539 ,10006,75.0,16.5              ,0,107
540 ,10005,75.0,9.0               ,2,104
541 ,10004,75.0,11.0              ,1,101
542 ,10003,75.0,11.0              ,1,93
543 ,10005,75.0,9.0               ,2,104
544 ,10002,75.0,11.0              ,2,32
545 ,10004,75.0,13.25             ,1,101
546 ,10004,75.0,17.666666666666668,1,101
547 ,10001,75.0,11.0              ,1,29
548 ,10004,75.0,26.5              ,1,101
549 ,10002,75.0,16.5              ,2,32
550 ,10002,75.0,33.0              ,2,32
551 ,10003,75.0,11.0              ,1,93
552 ,10002,75.0,33.0              ,2,32
553 ,10005,75.0,15.0              ,2,104
554 ,10005,75.0,15.0              ,2,104
555 ,10006,75.0,15.0              ,0,107
556 ,10003,75.0,7.333333333333333 ,1,93
557 ,10001,75.0,15.0              ,1,29
558 ,10000,75.0,11.0              ,0,26
559 ,10006,75.0,15.0              ,0,107
560 ,10004,75.0,9.0               ,1,101
561 ,10005,75.0,15.0              ,2,104
562 ,10000,75.0,11.0              ,0,26
563 ,10002,75.0,22.0              ,2,32
564 ,10005,75.0,15.0              ,2,104
565 ,10000,75.0,11.0              ,0,26
566 ,10003,75.0,15.0              ,1,93
567 ,10002,75.0,22.0              ,2,32
568 ,10005,75.0,11.0              ,2,104
569 ,10001,75.0,15.0              ,1,29
570 ,10004,75.0,33.0              ,1,101
571 ,10006,75.0,15.0              ,0,107
572 ,10003,75.0,22.0              ,1,93
573 ,10000,75.0,9.0               ,0,26
574 ,10005,75.0,11.0              ,2,104
575 ,10005,75.0,22.0              ,2,104
576 ,10006,75.0,15.0              ,0,107
577 ,10003,75.0,22.0              ,1,93
578 ,10002,75.0,7.333333333333333 ,2,32
579 ,10002,75.0,11.0              ,2,32
580 ,10003,75.0,15.0              ,1,93
581 ,10002,75.0,11.75             ,2,32
582 ,10004,75.0,11.0              ,1,101
583 ,10002,75.0,11.75             ,2,32
584 ,10001,75.0,11.0              ,1,29
585 ,10005,75.0,11.0              ,2,104
586 ,10003,75.0,15.0              ,1,93
587 ,10005,75.0,22.0              ,2,104
588 ,10006,75.0,11.0              ,0,107
589 ,10005,75.0,11.0              ,2,104
590 ,10004,75.0,16.5              ,1,101
591 ,10005,75.0,22.0              ,2,104
592 ,10006,75.0,22.0              ,0,107
593 ,10000,75.0,11.0              ,0,26
594 ,10002,75.0,15.666666666666666,2,32
595 ,10001,75.0,11.0              ,1,29
596 ,10004,75.0,33.0              ,1,101
597 ,10002,75.0,23.5              ,2,32
598 ,10005,75.0,22.0              ,2,104
599 ,10003,75.0,15.0              ,1,93
600 ,10006,75.0,11.0              ,0,107
601 ,10001,75.0,11.0              ,1,29
602 ,10001,75.0,16.5              ,1,29
603 ,10001,75.0,16.5              ,1,29
604 ,10000,75.0,11.0              ,0,26
605 ,10006,75.0,22.0              ,0,107
606 ,10005,75.0,11.0              ,2,104
607 ,10003,75.0,22.0              ,1,93
608 ,10006,75.0,22.0              ,0,107
609 ,10004,75.0,11.0              ,1,101
610 ,10002,75.0,22.0              ,2,32
611 ,10006,75.0,15.0              ,0,107
612 ,10006,75.0,15.0              ,0,107
613 ,10003,75.0,33.0              ,1,93
614 ,10004,75.0,15.666666666666666,1,101
615 ,10003,75.0,33.0              ,1,93
616 ,10001,75.0,15.0              ,1,29
617 ,10006,75.0,15.0              ,0,107
618 ,10006,75.0,22.0              ,0,107
619 ,10005,75.0,9.0               ,2,104
620 ,10004,75.0,9.4               ,1,101
621 ,10004,75.0,11.75             ,1,101
622 ,10002,75.0,11.0              ,2,32
623 ,10005,75.0,9.0               ,2,104
624 ,10002,75.0,11.0              ,2,32
625 ,10001,75.0,11.0              ,1,29
626 ,10006,75.0,15.0              ,0,107
627 ,10004,75.0,11.75             ,1,101
628 ,10001,75.0,9.0               ,1,29
629 ,10006,75.0,15.0              ,0,107
630 ,10000,75.0,11.0              ,0,26
631 ,10004,75.0,15.666666666666666,1,101
632 ,10004,75.0,15.666666666666666,1,101
633 ,10005,75.0,9.0               ,2,104
634 ,10002,75.0,9.4               ,2,32
635 ,10000,75.0,11.0              ,0,26
636 ,10005,75.0,9.0               ,2,104
637 ,10002,75.0,11.75             ,2,32
638 ,10004,75.0,23.5              ,1,101
639 ,10003,75.0,15.0              ,1,93
640 ,10001,75.0,11.0              ,1,29
641 ,10001,75.0,22.0              ,1,29
642 ,10003,75.0,33.0              ,1,93
643 ,10001,75.0,11.0              ,1,29
644 ,10006,75.0,15.666666666666666,0,107
645 ,10002,75.0,9.0               ,2,32
646 ,10003,75.0,33.0              ,1,93
647 ,10003,75.0,33.0              ,1,93
648 ,10006,75.0,15.666666666666666,0,107
649 ,10001,75.0,7.333333333333333 ,1,29
650 ,10004,75.0,11.0              ,1,101
651 ,10002,75.0,9.0               ,2,32
652 ,10004,75.0,15.0              ,1,101
653 ,10003,75.0,33.0              ,1,93
654 ,10000,75.0,9.4               ,0,26
655 ,10000,75.0,11.75             ,0,26
656 ,10000,75.0,15.666666666666666,0,26
657 ,10003,75.0,16.5              ,1,93
658 ,10002,75.0,8.25              ,2,32
659 ,10000,75.0,23.5              ,0,26
660 ,10005,75.0,11.0              ,2,104
661 ,10001,75.0,9.0               ,1,29
662 ,10002,75.0,15.0              ,2,32
663 ,10003,75.0,23.5              ,1,93
664 ,10004,75.0,22.0              ,1,101
665 ,10002,75.0,15.0              ,2,32
666 ,10006,75.0,15.0              ,0,107
667 ,10003,75.0,47.0              ,1,93
668 ,10000,75.0,11.0              ,0,26
669 ,10003,75.0,15.0              ,1,93
670 ,10002,75.0,23.5              ,2,32
671 ,10005,75.0,33.0              ,2,104
672 ,10005,75.0,33.0              ,2,104
673 ,10002,75.0,47.0              ,2,32
674 ,10006,75.0,15.0              ,0,107
675 ,10004,75.0,11.0              ,1,101
676 ,10006,75.0,15.0              ,0,107
677 ,10002,75.0,22.0              ,2,32
678 ,10000,75.0,11.0              ,0,26
679 ,10002,75.0,22.0              ,2,32
680 ,10004,75.0,16.5              ,1,101
681 ,10004,75.0,33.0              ,1,101
682 ,10006,75.0,15.0              ,0,107
683 ,10001,75.0,11.0              ,1,29
684 ,10004,75.0,16.5              ,1,101
685 ,10004,75.0,11.0              ,1,101
686 ,10006,75.0,11.0              ,0,107
687 ,10002,75.0,22.0              ,2,32
688 ,10001,75.0,15.0              ,1,29
689 ,10006,75.0,22.0              ,0,107
690 ,10003,75.0,53.0              ,1,93
691 ,10005,75.0,11.0              ,2,104
692 ,10002,75.0,22.0              ,2,32
693 ,10005,75.0,11.0              ,2,104
694 ,10000,75.0,22.0              ,0,26
695 ,10003,75.0,22.0              ,1,93
696 ,10005,75.0,15.0              ,2,104
697 ,10001,75.0,9.0               ,1,29
698 ,10004,75.0,11.0              ,1,101
699 ,10002,75.0,15.0              ,2,32
700 ,10002,75.0,15.0              ,2,32
701 ,10003,75.0,22.0              ,1,93
702 ,10005,75.0,15.0              ,2,104
703 ,10003,75.0,15.0              ,1,93
704 ,10002,75.0,33.0              ,2,32
705 ,10001,75.0,15.0              ,1,29
706 ,10003,75.0,15.0              ,1,93
707 ,10001,75.0,11.0              ,1,29
708 ,10005,75.0,9.0               ,2,104
709 ,10004,75.0,22.0              ,1,101
710 ,10006,75.0,9.0               ,0,107
711 ,10000,75.0,7.0               ,0,26
712 ,10002,75.0,15.0              ,2,32
713 ,10001,75.0,22.0              ,1,29
714 ,10002,75.0,15.0              ,2,32
715 ,10002,75.0,15.0              ,2,32
716 ,10004,75.0,11.0              ,1,101
717 ,10006,75.0,22.0              ,0,107
718 ,10001,75.0,22.0              ,1,29
719 ,10003,75.0,15.0              ,1,93
720 ,10000,75.0,11.0              ,0,26
721 ,10004,75.0,23.5              ,1,101
722 ,10002,75.0,15.0              ,2,32
723 ,10004,75.0,47.0              ,1,101
724 ,10001,75.0,11.0              ,1,29
725 ,10006,75.0,22.0              ,0,107
726 ,10002,75.0,15.0              ,2,32
727 ,10004,75.0,47.0              ,1,101
728 ,10001,75.0,22.0              ,1,29
729 ,10001,75.0,22.0              ,1,29
730 ,10006,75.0,22.0              ,0,107
731 ,10002,75.0,33.0              ,2,32
732 ,10005,75.0,11.0              ,2,104
733 ,10004,75.0,33.0              ,1,101
734 ,10002,75.0,33.0              ,2,32
735 ,10005,75.0,22.0              ,2,104
736 ,10001,75.0,5.0               ,1,29
737 ,10006,75.0,15.0              ,0,107
738 ,10000,75.0,15.0              ,0,26
739 ,10002,75.0,33.0              ,2,32
740 ,10003,75.0,33.0              ,1,93
741 ,10000,75.0,11.0              ,0,26
742 ,10001,75.0,15.0              ,1,29
743 ,10004,75.0,16.5              ,1,101
744 ,10003,75.0,33.0              ,1,93
745 ,10006,75.0,33.0              ,0,107
746 ,10006,75.0,33.0              ,0,107
747 ,10002,75.0,15.0              ,2,32
748 ,10004,75.0,33.0              ,1,101
749 ,10002,75.0,15.0              ,2,32
750 ,10005,75.0,11.0              ,2,104
751 ,10006,75.0,33.0              ,0,107
752 ,10005,75.0,15.0              ,2,104
753 ,10000,75.0,11.0              ,0,26
754 ,10000,75.0,22.0              ,0,26
755 ,10004,75.0,22.0              ,1,101
756 ,10005,75.0,15.0              ,2,104
757 ,10001,75.0,11.0              ,1,29
758 ,10000,75.0,11.0              ,0,26
759 ,10002,75.0,11.0              ,2,32
760 ,10001,75.0,33.0              ,1,29
761 ,10002,75.0,11.0              ,2,32
762 ,10002,75.0,22.0              ,2,32
763 ,10004,75.0,22.0              ,1,101
764 ,10000,75.0,11.0              ,0,26
765 ,10005,75.0,11.0              ,2,104
766 ,10003,75.0,15.0              ,1,93
767 ,10004,75.0,22.0              ,1,101
768 ,10003,75.0,15.0              ,1,93
769 ,10002,75.0,22.0              ,2,32
770 ,10005,75.0,11.0              ,2,104
771 ,10001,75.0,23.5              ,1,29
772 ,10002,75.0,8.25              ,2,32
773 ,10000,75.0,11.0              ,0,26
774 ,10006,75.0,7.0               ,0,107
775 ,10004,75.0,11.0              ,1,101
776 ,10002,75.0,11.0              ,2,32
777 ,10001,75.0,9.4               ,1,29
778 ,10000,75.0,11.0              ,0,26
779 ,10002,75.0,16.5              ,2,32
780 ,10001,75.0,9.4               ,1,29
781 ,10000,75.0,11.0              ,0,26
782 ,10004,75.0,22.0              ,1,101
783 ,10003,75.0,22.0              ,1,93
784 ,10002,75.0,22.0              ,2,32
785 ,10001,75.0,16.5              ,1,29
786 ,10006,75.0,11.0              ,0,107
787 ,10001,75.0,16.5              ,1,29
788 ,10001,75.0,33.0              ,1,29
789 ,10004,75.0,11.0              ,1,101
790 ,10000,75.0,15.0              ,0,26
791 ,10004,75.0,22.0              ,1,101
792 ,10006,75.0,11.0              ,0,107
793 ,10001,75.0,11.0              ,1,29
794 ,10001,75.0,16.5              ,1,29
795 ,10004,75.0,22.0              ,1,101
796 ,10000,75.0,15.0              ,0,26
797 ,10001,75.0,23.5              ,1,29
798 ,10001,75.0,47.0              ,1,29
799 ,10005,75.0,9.0               ,2,104
800 ,10000,75.0,22.0              ,0,26
801 ,10002,75.0,11.0              ,2,32
802 ,10001,75.0,47.0              ,1,29
803 ,10002,75.0,11.0              ,2,32
804 ,10001,75.0,23.5              ,1,29
805 ,10000,75.0,11.0              ,0,26
806 ,10003,75.0,11.0              ,1,93
807 ,10001,75.0,22.0              ,1,29
808 ,10004,75.0,15.0              ,1,101
809 ,10003,75.0,15.0              ,1,93
810 ,10000,75.0,11.0              ,0,26
811 ,10000,75.0,22.0              ,0,26
812 ,10002,75.0,22.0              ,2,32
813 ,10005,75.0,15.0              ,2,104
814 ,10000,75.0,22.0              ,0,26
815 ,10001,75.0,22.0              ,1,29
816 ,10001,75.0,22.0              ,1,29
817 ,10005,75.0,15.0              ,2,104
818 ,10003,75.0,11.0              ,1,93
819 ,10000,75.0,16.5              ,0,26
820 ,10000,75.0,33.0              ,0,26
821 ,10002,75.0,22.0              ,2,32
822 ,10002,75.0,22.0              ,2,32
823 ,10006,75.0,22.0              ,0,107
824 ,10006,75.0,22.0              ,0,107
825 ,10005,75.0,9.0               ,2,104
826 ,10004,75.0,15.0              ,1,101
827 ,10006,75.0,15.0              ,0,107
828 ,10006,75.0,15.0              ,0,107
829 ,10000,75.0,15.0              ,0,26
830 ,10003,75.0,22.0              ,1,93
831 ,10002,75.0,11.0              ,2,32
832 ,10003,75.0,22.0              ,1,93
833 ,10001,75.0,16.5              ,1,29
834 ,10005,75.0,15.0              ,2,104
835 ,10005,75.0,9.0               ,2,104
836 ,10002,75.0,15.0              ,2,32
837 ,10000,75.0,15.0              ,0,26
838 ,10006,75.0,15.0              ,0,107
839 ,10006,75.0,15.0              ,0,107
840 ,10003,75.0,47.0              ,1,93
841 ,10005,75.0,15.0              ,2,104
842 ,10001,75.0,16.5              ,1,29
843 ,10006,75.0,15.0              ,0,107
844 ,10001,75.0,33.0              ,1,29
845 ,10003,75.0,23.5              ,1,93
846 ,10001,75.0,11.0              ,1,29
847 ,10001,75.0,16.5              ,1,29
848 ,10001,75.0,33.0              ,1,29
849 ,10002,75.0,9.0               ,2,32
850 ,10006,75.0,15.0              ,0,107
851 ,10000,75.0,11.0              ,0,26
852 ,10005,75.0,7.333333333333333 ,2,104
853 ,10005,75.0,11.0              ,2,104
854 ,10004,75.0,15.0              ,1,101
855 ,10001,75.0,15.0              ,1,29
856 ,10002,75.0,22.0              ,2,32
857 ,10003,75.0,22.0              ,1,93
858 ,10004,75.0,15.0              ,1,101
859 ,10005,75.0,22.0              ,2,104
860 ,10006,75.0,15.0              ,0,107
861 ,10004,75.0,15.0              ,1,101
862 ,10005,75.0,15.0              ,2,104
863 ,10003,75.0,33.0              ,1,93
864 ,10001,75.0,15.0              ,1,29
865 ,10002,75.0,33.0              ,2,32
866 ,10004,75.0,15.0              ,1,101
867 ,10004,75.0,15.0              ,1,101
868 ,10001,75.0,15.0              ,1,29
869 ,10004,75.0,15.0              ,1,101
870 ,10000,75.0,11.0              ,0,26
871 ,10005,75.0,9.4               ,2,104
872 ,10006,75.0,7.0               ,0,107
873 ,10003,75.0,15.0              ,1,93
874 ,10005,75.0,9.4               ,2,104
875 ,10005,75.0,11.75             ,2,104
876 ,10000,75.0,11.0              ,0,26
877 ,10003,75.0,15.0              ,1,93
878 ,10005,75.0,15.666666666666666,2,104
879 ,10005,75.0,23.5              ,2,104
880 ,10005,75.0,47.0              ,2,104
881 ,10002,75.0,15.0              ,2,32
882 ,10000,75.0,11.0              ,0,26
883 ,10001,75.0,11.0              ,1,29
884 ,10002,75.0,15.0              ,2,32
885 ,10000,75.0,11.0              ,0,26
886 ,10004,75.0,33.0              ,1,101
887 ,10001,75.0,16.5              ,1,29
888 ,10002,75.0,16.5              ,2,32
889 ,10006,75.0,22.0              ,0,107
890 ,10003,75.0,22.0              ,1,93
891 ,10001,75.0,11.0              ,1,29
892 ,10001,75.0,16.5              ,1,29
893 ,10002,75.0,11.0              ,2,32
894 ,10001,75.0,33.0              ,1,29
895 ,10002,75.0,16.5              ,2,32
896 ,10002,75.0,16.5              ,2,32
897 ,10006,75.0,11.0              ,0,107
898 ,10005,75.0,15.0              ,2,104
899 ,10002,75.0,33.0              ,2,32
900 ,10000,75.0,22.0              ,0,26
901 ,10003,75.0,15.0              ,1,93
902 ,10005,75.0,15.0              ,2,104
903 ,10001,75.0,11.0              ,1,29
904 ,10002,75.0,16.5              ,2,32
905 ,10000,75.0,22.0              ,0,26
906 ,10005,75.0,22.0              ,2,104
907 ,10001,75.0,9.0               ,1,29
908 ,10000,75.0,11.0              ,0,26
909 ,10004,75.0,15.0              ,1,101
910 ,10002,75.0,11.0              ,2,32
911 ,10003,75.0,22.0              ,1,93
912 ,10000,75.0,11.0              ,0,26
913 ,10002,75.0,11.0              ,2,32
914 ,10003,75.0,22.0              ,1,93
915 ,10005,75.0,15.0              ,2,104
916 ,10000,75.0,15.0              ,0,26
917 ,10000,75.0,15.0              ,0,26
918 ,10005,75.0,15.0              ,2,104
919 ,10002,75.0,15.0              ,2,32
920 ,10004,75.0,22.0              ,1,101
921 ,10004,75.0,11.0              ,1,101
922 ,10002,75.0,15.0              ,2,32
923 ,10004,75.0,22.0              ,1,101
924 ,10004,75.0,22.0              ,1,101
925 ,10003,75.0,23.5              ,1,93
926 ,10006,75.0,15.0              ,0,107
927 ,10002,75.0,15.0              ,2,32
928 ,10006,75.0,11.0              ,0,107
929 ,10004,75.0,22.0              ,1,101
930 ,10006,75.0,11.0              ,0,107
931 ,10000,75.0,16.5              ,0,26
932 ,10006,75.0,22.0              ,0,107
933 ,10000,75.0,33.0              ,0,26
934 ,10004,75.0,22.0              ,1,101
935 ,10006,75.0,11.0              ,0,107
936 ,10005,75.0,9.0               ,2,104
937 ,10006,75.0,15.0              ,0,107
938 ,10001,75.0,7.333333333333333 ,1,29
939 ,10002,75.0,22.0              ,2,32
940 ,10001,75.0,7.333333333333333 ,1,29
941 ,10006,75.0,15.0              ,0,107
942 ,10004,75.0,22.0              ,1,101
943 ,10003,75.0,15.0              ,1,93
944 ,10004,75.0,22.0              ,1,101
945 ,10005,75.0,9.0               ,2,104
946 ,10000,75.0,9.0               ,0,26
947 ,10001,75.0,11.0              ,1,29
948 ,10001,75.0,22.0              ,1,29
949 ,10003,75.0,23.5              ,1,93
950 ,10004,75.0,22.0              ,1,101
951 ,10003,75.0,47.0              ,1,93
952 ,10002,75.0,22.0              ,2,32
953 ,10001,75.0,15.0              ,1,29
954 ,10005,75.0,15.0              ,2,104
955 ,10001,75.0,15.0              ,1,29
956 ,10004,75.0,11.0              ,1,101
957 ,10001,75.0,15.0              ,1,29
958 ,10003,75.0,23.5              ,1,93
959 ,10003,75.0,47.0              ,1,93
960 ,10001,75.0,15.0              ,1,29
961 ,10000,75.0,15.0              ,0,26
962 ,10005,75.0,15.0              ,2,104
963 ,10006,75.0,11.0              ,0,107
964 ,10005,75.0,15.0              ,2,104
965 ,10002,75.0,15.0              ,2,32
966 ,10004,75.0,15.0              ,1,101
967 ,10004,75.0,15.0              ,1,101
968 ,10002,75.0,15.0              ,2,32
969 ,10001,75.0,15.0              ,1,29
970 ,10003,75.0,16.5              ,1,93
971 ,10000,75.0,9.0               ,0,26
972 ,10003,75.0,15.0              ,1,93
973 ,10004,75.0,33.0              ,1,101
974 ,10002,75.0,16.5              ,2,32
975 ,10001,75.0,22.0              ,1,29
976 ,10002,75.0,33.0              ,2,32
977 ,10004,75.0,16.5              ,1,101
978 ,10004,75.0,33.0              ,1,101
979 ,10005,75.0,15.0              ,2,104
980 ,10001,75.0,22.0              ,1,29
981 ,10000,75.0,9.0               ,0,26
982 ,10006,75.0,11.0              ,0,107
983 ,10002,75.0,16.5              ,2,32
984 ,10002,75.0,33.0              ,2,32
985 ,10001,75.0,15.0              ,1,29
986 ,10005,75.0,7.0               ,2,104
987 ,10006,75.0,15.0              ,0,107
988 ,10001,75.0,15.0              ,1,29
989 ,10004,75.0,11.0              ,1,101
990 ,10000,75.0,11.0              ,0,26
991 ,10000,75.0,11.0              ,0,26
992 ,10006,75.0,15.0              ,0,107
993 ,10002,75.0,11.0              ,2,32
994 ,10004,75.0,11.0              ,1,101
995 ,10002,75.0,16.5              ,2,32
996 ,10004,75.0,11.0              ,1,101
997 ,10001,75.0,22.0              ,1,29
998 ,10000,75.0,15.0              ,0,26
999 ,10002,75.0,33.0              ,2,32
1000,10002,75.0,33.0              ,2,32
1001,10005,75.0,7.5               ,2,104
1002,10006,75.0,11.0              ,0,107
1003,10000,75.0,15.0              ,0,26
1004,10003,75.0,22.0              ,1,93
1005,10000,75.0,15.0              ,0,26
1006,10002,75.0,11.0              ,2,32
1007,10002,75.0,11.0              ,2,32
1008,10005,75.0,11.0              ,2,104
1009,10005,75.0,11.0              ,2,104
1010,10005,75.0,11.0              ,2,104
1011,10004,75.0,22.0              ,1,101
1012,10003,75.0,22.0              ,1,93
1013,10002,75.0,9.0               ,2,32
1014,10004,75.0,11.0              ,1,101
1015,10000,75.0,9.0               ,0,26
1016,10001,75.0,15.0              ,1,29
1017,10006,75.0,7.0               ,0,107
1018,10000,75.0,9.0               ,0,26
1019,10001,75.0,22.0              ,1,29
1020,10005,75.0,22.0              ,2,104
1021,10004,75.0,11.0              ,1,101
1022,10003,75.0,15.0              ,1,93
1023,10001,75.0,11.0              ,1,29
1024,10006,75.0,23.5              ,0,107
1025,10006,75.0,47.0              ,0,107
1026,10001,75.0,22.0              ,1,29
1027,10005,75.0,22.0              ,2,104
1028,10006,75.0,15.666666666666666,0,107
1029,10006,75.0,23.5              ,0,107
1030,10003,75.0,16.5              ,1,93
1031,10004,75.0,11.0              ,1,101
1032,10001,75.0,22.0              ,1,29
1033,10001,75.0,22.0              ,1,29
1034,10002,75.0,22.0              ,2,32
1035,10005,75.0,15.0              ,2,104
1036,10003,75.0,16.5              ,1,93
1037,10002,75.0,22.0              ,2,32
1038,10001,75.0,22.0              ,1,29
1039,10003,75.0,33.0              ,1,93
1040,10000,75.0,15.0              ,0,26
1041,10000,75.0,15.0              ,0,26
1042,10005,75.0,15.0              ,2,104
1043,10003,75.0,33.0              ,1,93
1044,10002,75.0,33.0              ,2,32
1045,10003,75.0,33.0              ,1,93
1046,10004,75.0,16.5              ,1,101
1047,10003,75.0,33.0              ,1,93
1048,10006,75.0,11.0              ,0,107
1049,10006,75.0,16.5              ,0,107
1050,10004,75.0,16.5              ,1,101
1051,10006,75.0,16.5              ,0,107
1052,10006,75.0,33.0              ,0,107
1053,10002,75.0,8.25              ,2,32
1054,10002,75.0,7.333333333333333 ,2,32
1055,10003,75.0,22.0              ,1,93
1056,10006,75.0,9.0               ,0,107
1057,10002,75.0,11.0              ,2,32
1058,10002,75.0,22.0              ,2,32
1059,10004,75.0,22.0              ,1,101
1060,10000,75.0,11.0              ,0,26
1061,10005,75.0,11.0              ,2,104
1062,10001,75.0,33.0              ,1,29
1063,10001,75.0,33.0              ,1,29
1064,10004,75.0,47.0              ,1,101
1065,10000,75.0,11.0              ,0,26
1066,10000,75.0,7.333333333333333 ,0,26
1067,10001,75.0,22.0              ,1,29
1068,10004,75.0,11.75             ,1,101
1069,10000,75.0,7.333333333333333 ,0,26
1070,10002,75.0,9.0               ,2,32
1071,10001,75.0,22.0              ,1,29
1072,10000,75.0,11.0              ,0,26
1073,10004,75.0,11.0              ,1,101
1074,10005,75.0,15.0              ,2,104
1075,10004,75.0,22.0              ,1,101
1076,10006,75.0,22.0              ,0,107
1077,10002,75.0,15.0              ,2,32
1078,10000,75.0,22.0              ,0,26
1079,10000,75.0,22.0              ,0,26
1080,10001,75.0,15.0              ,1,29
1081,10004,75.0,22.0              ,1,101
1082,10001,75.0,22.0              ,1,29
1083,10001,75.0,22.0              ,1,29
1084,10006,75.0,15.0              ,0,107
1085,10002,75.0,11.0              ,2,32
1086,10005,75.0,11.0              ,2,104
1087,10004,75.0,11.0              ,1,101
1088,10002,75.0,22.0              ,2,32
1089,10006,75.0,15.0              ,0,107
1090,10002,75.0,22.0              ,2,32
1091,10000,75.0,7.333333333333333 ,0,26
1092,10000,75.0,11.0              ,0,26
1093,10001,75.0,22.0              ,1,29
1094,10000,75.0,11.0              ,0,26
1095,10003,75.0,11.0              ,1,93
1096,10003,75.0,22.0              ,1,93
1097,10006,75.0,15.0              ,0,107
1098,10004,75.0,47.0              ,1,101
1099,10006,75.0,47.0              ,0,107
1100,10006,75.0,47.0              ,0,107
1101,10005,75.0,6.0               ,2,104
1102,10003,75.0,15.0              ,1,93
1103,10001,75.0,11.0              ,1,29
1104,10006,75.0,47.0              ,0,107
1105,10000,75.0,11.0              ,0,26
1106,10005,75.0,6.0               ,2,104
1107,10006,75.0,47.0              ,0,107
1108,10002,75.0,11.0              ,2,32
1109,10002,75.0,11.0              ,2,32
1110,10004,75.0,33.0              ,1,101
1111,10004,75.0,33.0              ,1,101
1112,10003,75.0,11.0              ,1,93
1113,10002,75.0,8.25              ,2,32
1114,10001,75.0,11.0              ,1,29
1115,10002,75.0,16.5              ,2,32
1116,10002,75.0,16.5              ,2,32
1117,10004,75.0,16.5              ,1,101
1118,10005,75.0,15.0              ,2,104
1119,10004,75.0,16.5              ,1,101
1120,10004,75.0,33.0              ,1,101
1121,10001,75.0,11.0              ,1,29
1122,10005,75.0,15.0              ,2,104
1123,10003,75.0,11.0              ,1,93
1124,10006,75.0,9.0               ,0,107
1125,10003,75.0,11.0              ,1,93
1126,10003,75.0,22.0              ,1,93
1127,10003,75.0,16.5              ,1,93
1128,10001,75.0,11.0              ,1,29
1129,10000,75.0,22.0              ,0,26
1130,10004,75.0,15.0              ,1,101
1131,10001,75.0,22.0              ,1,29
1132,10005,75.0,11.0              ,2,104
1133,10000,75.0,22.0              ,0,26
1134,10002,75.0,11.0              ,2,32
1135,10003,75.0,33.0              ,1,93
1136,10003,75.0,33.0              ,1,93
1137,10001,75.0,11.0              ,1,29
1138,10005,75.0,7.0               ,2,104
1139,10000,75.0,11.0              ,0,26
1140,10001,75.0,11.0              ,1,29
1141,10004,75.0,11.0              ,1,101
1142,10004,75.0,11.0              ,1,101
1143,10002,75.0,7.333333333333333 ,2,32
1144,10000,75.0,22.0              ,0,26
1145,10001,75.0,11.0              ,1,29
1146,10004,75.0,9.4               ,1,101
1147,10005,75.0,33.0              ,2,104
1148,10004,75.0,11.75             ,1,101
1149,10004,75.0,15.666666666666666,1,101
1150,10003,75.0,22.0              ,1,93
1151,10000,75.0,15.0              ,0,26
1152,10002,75.0,7.333333333333333 ,2,32
1153,10006,75.0,11.0              ,0,107
1154,10002,75.0,11.0              ,2,32
1155,10004,75.0,23.5              ,1,101
1156,10005,75.0,33.0              ,2,104
1157,10004,75.0,47.0              ,1,101
1158,10004,75.0,22.0              ,1,101
1159,10002,75.0,11.75             ,2,32
1160,10002,75.0,15.666666666666666,2,32
1161,10005,75.0,9.0               ,2,104
1162,10002,75.0,23.5              ,2,32
1163,10003,75.0,22.0              ,1,93
1164,10002,75.0,15.666666666666666,2,32
1165,10006,75.0,9.4               ,0,107
1166,10006,75.0,11.75             ,0,107
1167,10006,75.0,11.75             ,0,107
1168,10006,75.0,15.666666666666666,0,107
1169,10002,75.0,23.5              ,2,32
1170,10001,75.0,7.0               ,1,29
1171,10004,75.0,22.0              ,1,101
1172,10003,75.0,15.0              ,1,93
1173,10000,75.0,15.0              ,0,26
1174,10002,75.0,15.0              ,2,32
1175,10001,75.0,15.0              ,1,29
1176,10003,75.0,15.0              ,1,93
1177,10002,75.0,33.0              ,2,32
1178,10002,75.0,33.0              ,2,32
1179,10005,75.0,15.0              ,2,104
1180,10004,75.0,23.5              ,1,101
1181,10003,75.0,11.0              ,1,93
1182,10003,75.0,16.5              ,1,93
1183,10004,75.0,23.5              ,1,101
1184,10004,75.0,47.0              ,1,101
1185,10001,75.0,9.0               ,1,29
1186,10005,75.0,15.0              ,2,104
1187,10002,75.0,33.0              ,2,32
1188,10001,75.0,9.0               ,1,29
1189,10000,75.0,22.0              ,0,26
1190,10002,75.0,15.0              ,2,32
1191,10001,75.0,15.0              ,1,29
1192,10002,75.0,15.0              ,2,32
1193,10004,75.0,11.0              ,1,101
1194,10006,75.0,15.0              ,0,107
1195,10006,75.0,15.0              ,0,107
1196,10000,75.0,11.0              ,0,26
1197,10001,75.0,15.0              ,1,29
1198,10000,75.0,22.0              ,0,26
1199,10001,75.0,15.0              ,1,29
1200,10001,75.0,11.0              ,1,29
1201,10004,75.0,22.0              ,1,101
1202,10005,75.0,11.0              ,2,104
1203,10002,75.0,15.666666666666666,2,32
1204,10000,75.0,9.0               ,0,26
1205,10002,75.0,9.4               ,2,32
1206,10001,75.0,8.25              ,1,29
1207,10005,75.0,11.0              ,2,104
1208,10001,75.0,11.0              ,1,29
1209,10004,75.0,47.0              ,1,101
1210,10000,75.0,11.0              ,0,26
1211,10001,75.0,15.0              ,1,29
1212,10004,75.0,47.0              ,1,101
1213,10006,75.0,22.0              ,0,107
1214,10002,75.0,15.0              ,2,32
1215,10001,75.0,15.0              ,1,29
1216,10002,75.0,15.0              ,2,32
1217,10003,75.0,16.5              ,1,93
1218,10003,75.0,33.0              ,1,93
1219,10005,75.0,15.0              ,2,104
1220,10006,75.0,7.0               ,0,107
1221,10003,75.0,33.0              ,1,93
1222,10004,75.0,23.5              ,1,101
1223,10000,75.0,9.0               ,0,26
1224,10002,75.0,22.0              ,2,32
1225,10004,75.0,47.0              ,1,101
1226,10001,75.0,15.0              ,1,29
1227,10006,75.0,33.0              ,0,107
1228,10005,75.0,15.0              ,2,104
1229,10001,75.0,9.0               ,1,29
1230,10004,75.0,47.0              ,1,101
1231,10004,75.0,47.0              ,1,101
1232,10003,75.0,15.0              ,1,93
1233,10003,75.0,15.0              ,1,93
1234,10000,75.0,9.0               ,0,26
1235,10005,75.0,15.0              ,2,104
1236,10002,75.0,15.0              ,2,32
1237,10000,75.0,15.0              ,0,26
1238,10004,75.0,11.0              ,1,101
1239,10000,75.0,15.0              ,0,26
1240,10004,75.0,16.5              ,1,101
1241,10003,75.0,15.0              ,1,93
1242,10006,75.0,33.0              ,0,107
1243,10001,75.0,11.0              ,1,29
1244,10004,75.0,33.0              ,1,101
1245,10006,75.0,11.0              ,0,107
1246,10002,75.0,15.0              ,2,32
1247,10005,75.0,11.0              ,2,104
1248,10004,75.0,15.0              ,1,101
1249,10005,75.0,11.0              ,2,104
1250,10003,75.0,11.0              ,1,93
1251,10003,75.0,16.5              ,1,93
1252,10001,75.0,11.0              ,1,29
1253,10005,75.0,22.0              ,2,104
1254,10000,75.0,15.0              ,0,26
1255,10003,75.0,33.0              ,1,93
1256,10006,75.0,11.0              ,0,107
1257,10002,75.0,15.0              ,2,32
1258,10000,75.0,15.0              ,0,26
1259,10005,75.0,9.0               ,2,104
1260,10003,75.0,33.0              ,1,93
1261,10006,75.0,22.0              ,0,107
1262,10005,75.0,9.0               ,2,104
1263,10001,75.0,15.0              ,1,29
1264,10002,75.0,16.5              ,2,32
1265,10001,75.0,11.0              ,1,29
1266,10001,75.0,16.5              ,1,29
1267,10005,75.0,15.0              ,2,104
1268,10004,75.0,11.0              ,1,101
1269,10000,75.0,15.0              ,0,26
1270,10005,75.0,15.0              ,2,104
1271,10006,75.0,11.0              ,0,107
1272,10003,75.0,11.0              ,1,93
1273,10004,75.0,9.0               ,1,101
1274,10002,75.0,11.75             ,2,32
1275,10002,75.0,15.666666666666666,2,32
1276,10006,75.0,11.0              ,0,107
1277,10001,75.0,15.0              ,1,29
1278,10003,75.0,11.0              ,1,93
1279,10002,75.0,23.5              ,2,32
1280,10005,75.0,33.0              ,2,104
1281,10001,75.0,15.0              ,1,29
1282,10006,75.0,16.5              ,0,107
1283,10002,75.0,23.5              ,2,32
1284,10005,75.0,33.0              ,2,104
1285,10000,75.0,22.0              ,0,26
1286,10002,75.0,33.0              ,2,32
1287,10000,75.0,22.0              ,0,26
1288,10006,75.0,7.333333333333333 ,0,107
1289,10000,75.0,22.0              ,0,26
1290,10005,75.0,47.0              ,2,104
1291,10004,75.0,22.0              ,1,101
1292,10006,75.0,11.0              ,0,107
1293,10005,75.0,47.0              ,2,104
1294,10002,75.0,33.0              ,2,32
1295,10002,75.0,33.0              ,2,32
1296,10002,75.0,33.0              ,2,32
1297,10006,75.0,22.0              ,0,107
1298,10000,75.0,22.0              ,0,26
1299,10003,75.0,11.0              ,1,93
1300,10003,75.0,22.0              ,1,93
1301,10004,75.0,22.0              ,1,101
1302,10001,75.0,15.0              ,1,29
1303,10006,75.0,11.0              ,0,107
1304,10002,75.0,15.0              ,2,32
1305,10005,75.0,15.0              ,2,104
1306,10005,75.0,15.0              ,2,104
1307,10004,75.0,22.0              ,1,101
1308,10001,75.0,15.0              ,1,29
1309,10005,75.0,15.0              ,2,104
1310,10000,75.0,11.0              ,0,26
1311,10001,75.0,47.0              ,1,29
1312,10003,75.0,15.0              ,1,93
1313,10001,75.0,47.0              ,1,29
1314,10001,75.0,15.0              ,1,29
1315,10004,75.0,22.0              ,1,101
1316,10003,75.0,15.0              ,1,93
1317,10004,75.0,22.0              ,1,101
1318,10005,75.0,33.0              ,2,104
1319,10000,75.0,11.0              ,0,26
1320,10001,75.0,16.5              ,1,29
1321,10004,75.0,33.0              ,1,101
1322,10001,75.0,33.0              ,1,29
1323,10004,75.0,33.0              ,1,101
1324,10000,75.0,15.0              ,0,26
1325,10003,75.0,15.0              ,1,93
1326,10006,75.0,8.25              ,0,107
1327,10006,75.0,11.0              ,0,107
1328,10005,75.0,15.0              ,2,104
1329,10006,75.0,16.5              ,0,107
1330,10006,75.0,11.0              ,0,107
1331,10002,75.0,16.5              ,2,32
1332,10001,75.0,11.0              ,1,29
1333,10000,75.0,9.0               ,0,26
1334,10002,75.0,16.5              ,2,32
1335,10002,75.0,33.0              ,2,32
1336,10001,75.0,15.666666666666666,1,29
1337,10003,75.0,22.0              ,1,93
1338,10006,75.0,22.0              ,0,107
1339,10001,75.0,23.5              ,1,29
1340,10001,75.0,47.0              ,1,29
1341,10003,75.0,11.0              ,1,93
1342,10005,75.0,11.75             ,2,104
1343,10004,75.0,11.0              ,1,101
1344,10006,75.0,33.0              ,0,107
1345,10005,75.0,11.75             ,2,104
1346,10006,75.0,33.0              ,0,107
1347,10001,75.0,22.0              ,1,29
1348,10005,75.0,9.4               ,2,104
1349,10005,75.0,11.75             ,2,104
1350,10005,75.0,11.75             ,2,104
1351,10000,75.0,11.0              ,0,26
1352,10001,75.0,7.0               ,1,29
1353,10003,75.0,15.0              ,1,93
1354,10004,75.0,15.0              ,1,101
1355,10005,75.0,9.0               ,2,104
1356,10001,75.0,33.0              ,1,29
1357,10004,75.0,22.0              ,1,101
1358,10003,75.0,53.0              ,1,93
1359,10002,75.0,33.0              ,2,32
1360,10006,75.0,11.0              ,0,107
1361,10000,75.0,15.0              ,0,26
1362,10002,75.0,15.666666666666666,2,32
1363,10004,75.0,22.0              ,1,101
1364,10006,75.0,11.0              ,0,107
1365,10002,75.0,11.0              ,2,32
1366,10005,75.0,22.0              ,2,104
1367,10004,75.0,47.0              ,1,101
1368,10000,75.0,15.0              ,0,26
1369,10005,75.0,15.0              ,2,104
1370,10000,75.0,15.0              ,0,26
1371,10003,75.0,11.0              ,1,93
1372,10002,75.0,15.0              ,2,32
1373,10000,75.0,22.0              ,0,26
1374,10002,75.0,22.0              ,2,32
1375,10004,75.0,16.5              ,1,101
1376,10002,75.0,22.0              ,2,32
1377,10004,75.0,11.0              ,1,101
1378,10006,75.0,15.0              ,0,107
1379,10006,75.0,16.5              ,0,107
1380,10001,75.0,11.0              ,1,29
1381,10002,75.0,33.0              ,2,32
1382,10004,75.0,8.25              ,1,101
1383,10004,75.0,11.0              ,1,101
1384,10002,75.0,11.0              ,2,32
1385,10003,75.0,11.0              ,1,93
1386,10001,75.0,11.0              ,1,29
1387,10006,75.0,9.4               ,0,107
1388,10005,75.0,16.5              ,2,104
1389,10004,75.0,15.0              ,1,101
1390,10005,75.0,16.5              ,2,104
1391,10006,75.0,22.0              ,0,107
1392,10004,75.0,15.0              ,1,101
1393,10005,75.0,15.0              ,2,104
1394,10005,75.0,15.0              ,2,104
1395,10005,75.0,9.0               ,2,104
1396,10004,75.0,23.5              ,1,101
1397,10002,75.0,8.25              ,2,32
1398,10000,75.0,15.0              ,0,26
1399,10002,75.0,16.5              ,2,32
1400,10002,75.0,11.0              ,2,32
1401,10000,75.0,15.0              ,0,26
1402,10000,75.0,11.0              ,0,26
1403,10001,75.0,22.0              ,1,29
1404,10000,75.0,15.0              ,0,26
1405,10003,75.0,15.0              ,1,93
1406,10006,75.0,23.5              ,0,107
1407,10005,75.0,11.0              ,2,104
1408,10006,75.0,23.5              ,0,107
1409,10005,75.0,22.0              ,2,104
1410,10006,75.0,11.0              ,0,107
1411,10002,75.0,22.0              ,2,32
1412,10006,75.0,11.0              ,0,107
1413,10000,75.0,9.0               ,0,26
1414,10001,75.0,11.0              ,1,29
1415,10005,75.0,11.0              ,2,104
1416,10001,75.0,11.0              ,1,29
1417,10004,75.0,15.0              ,1,101
1418,10000,75.0,33.0              ,0,26
1419,10004,75.0,15.0              ,1,101
1420,10003,75.0,53.0              ,1,93
1421,10002,75.0,11.0              ,2,32
1422,10002,75.0,22.0              ,2,32
1423,10005,75.0,22.0              ,2,104
1424,10005,75.0,9.0               ,2,104
1425,10006,75.0,9.0               ,0,107
1426,10006,75.0,7.0               ,0,107
1427,10002,75.0,11.0              ,2,32
1428,10004,75.0,26.5              ,1,101
1429,10003,75.0,15.0              ,1,93
1430,10000,75.0,47.0              ,0,26
1431,10003,75.0,23.5              ,1,93
1432,10000,75.0,9.0               ,0,26
1433,10002,75.0,16.5              ,2,32
1434,10006,75.0,15.0              ,0,107
1435,10006,75.0,11.0              ,0,107
1436,10003,75.0,11.0              ,1,93
1437,10004,75.0,22.0              ,1,101
1438,10004,75.0,11.0              ,1,101
1439,10001,75.0,15.0              ,1,29
1440,10003,75.0,15.0              ,1,93
1441,10005,75.0,11.0              ,2,104
1442,10000,75.0,16.5              ,0,26
1443,10006,75.0,15.0              ,0,107
